[
    {
        "2025-06-29 14:49:05": "2025-06-29 14:49:10",
        "0.00": "0.00",
        "3.30": "3.30",
        "6.06": "6.50",
        "-127.00": "-127.00",
        "34.10": "34.10",
        "74.84": "74.84",
        "9:18:55": "9:19:10"
    },
    {
        "2025-06-29 14:49:05": "2025-06-29 14:49:15",
        "0.00": "0.00",
        "3.30": "3.30",
        "6.06": "6.48",
        "-127.00": "-127.00",
        "34.10": "34.10",
        "74.84": "74.84",
        "9:18:55": "9:19:10"
    },
    {
        "2025-06-29 14:49:05": "2025-06-29 14:49:20",
        "0.00": "0.00",
        "3.30": "3.30",
        "6.06": "6.48",
        "-127.00": "-127.00",
        "34.10": "34.10",
        "74.84": "74.84",
        "9:18:55": "9:19:10"
    },
    {
        "2025-06-29 14:49:05": "2025-06-29 14:49:25",
        "0.00": "0.00",
        "3.30": "3.30",
        "6.06": "6.33",
        "-127.00": "-127.00",
        "34.10": "34.10",
        "74.84": "74.84",
        "9:18:55": "9:19:10"
    },
    {
        "2025-06-29 14:49:05": "2025-06-29 14:49:30",
        "0.00": "2.42",
        "3.30": "3.30",
        "6.06": "6.33",
        "-127.00": "-127.00",
        "34.10": "34.10",
        "74.84": "74.84",
        "9:18:55": "9:19:10"
    },
    {
        "2025-06-29 14:49:05": "2025-06-29 14:49:35",
        "0.00": "0.00",
        "3.30": "3.30",
        "6.06": "6.45",
        "-127.00": "-127.00",
        "34.10": "34.10",
        "74.84": "74.84",
        "9:18:55": "9:19:10"
    },
    {
        "2025-06-29 14:49:05": "2025-06-29 14:49:40",
        "0.00": "0.00",
        "3.30": "3.30",
        "6.06": "6.42",
        "-127.00": "-127.00",
        "34.10": "34.10",
        "74.84": "74.84",
        "9:18:55": "9:19:10"
    },
    {
        "2025-06-29 14:49:05": "2025-06-29 14:49:45",
        "0.00": "0.00",
        "3.30": "3.30",
        "6.06": "6.36",
        "-127.00": "-127.00",
        "34.10": "34.10",
        "74.84": "74.84",
        "9:18:55": "9:19:10"
    },
    {
        "2025-06-29 14:49:05": "2025-06-29 14:49:50",
        "0.00": "4.43",
        "3.30": "3.30",
        "6.06": "6.32",
        "-127.00": "-127.00",
        "34.10": "34.10",
        "74.84": "74.84",
        "9:18:55": "9:19:10"
    },
    {
        "2025-06-29 14:49:05": "2025-06-29 14:49:55",
        "0.00": "0.00",
        "3.30": "3.30",
        "6.06": "6.37",
        "-127.00": "-127.00",
        "34.10": "34.10",
        "74.84": "74.84",
        "9:18:55": "9:19:10"
    },
    {
        "2025-06-29 14:49:05": "2025-06-29 14:50:00",
        "0.00": "0.00",
        "3.30": "3.30",
        "6.06": "5.97",
        "-127.00": "-127.00",
        "34.10": "34.10",
        "74.84": "74.84",
        "9:18:55": "9:19:10"
    },
    {
        "2025-06-29 14:49:05": "2025-06-29 14:50:05",
        "0.00": "0.00",
        "3.30": "3.30",
        "6.06": "6.26",
        "-127.00": "-127.00",
        "34.10": "34.10",
        "74.84": "74.84",
        "9:18:55": "9:20:1"
    },
    {
        "2025-06-29 14:49:05": "2025-06-29 14:50:10",
        "0.00": "0.00",
        "3.30": "3.30",
        "6.06": "5.92",
        "-127.00": "-127.00",
        "34.10": "34.10",
        "74.84": "74.84",
        "9:18:55": "9:20:6"
    },
    {
        "2025-06-29 14:49:05": "2025-06-29 14:50:15",
        "0.00": "0.00",
        "3.30": "3.30",
        "6.06": "6.10",
        "-127.00": "-127.00",
        "34.10": "34.10",
        "74.84": "74.84",
        "9:18:55": "9:20:11"
    },
    {
        "2025-06-29 14:49:05": "2025-06-29 14:50:20",
        "0.00": "0.00",
        "3.30": "3.30",
        "6.06": "5.96",
        "-127.00": "-127.00",
        "34.10": "34.10",
        "74.84": "74.84",
        "9:18:55": "9:20:16"
    },
    {
        "2025-06-29 14:49:05": "2025-06-29 14:50:25",
        "0.00": "0.00",
        "3.30": "3.30",
        "6.06": "6.40",
        "-127.00": "-127.00",
        "34.10": "34.10",
        "74.84": "74.84",
        "9:18:55": "9:20:21"
    },
    {
        "2025-06-29 14:49:05": "2025-06-29 14:50:30",
        "0.00": "0.00",
        "3.30": "3.30",
        "6.06": "6.41",
        "-127.00": "-127.00",
        "34.10": "34.10",
        "74.84": "74.84",
        "9:18:55": "9:20:26"
    },
    {
        "2025-06-29 14:49:05": "2025-06-29 14:50:35",
        "0.00": "0.00",
        "3.30": "3.30",
        "6.06": "5.98",
        "-127.00": "-127.00",
        "34.10": "34.10",
        "74.84": "74.84",
        "9:18:55": "9:20:31"
    },
    {
        "2025-06-29 14:49:05": "2025-06-29 14:50:40",
        "0.00": "0.00",
        "3.30": "3.30",
        "6.06": "6.04",
        "-127.00": "-127.00",
        "34.10": "34.10",
        "74.84": "74.84",
        "9:18:55": "9:20:36"
    },
    {
        "2025-06-29 14:49:05": "2025-06-29 14:50:45",
        "0.00": "0.00",
        "3.30": "3.30",
        "6.06": "5.97",
        "-127.00": "-127.00",
        "34.10": "34.10",
        "74.84": "74.84",
        "9:18:55": "9:20:41"
    },
    {
        "2025-06-29 14:49:05": "2025-06-29 14:50:50",
        "0.00": "0.00",
        "3.30": "3.30",
        "6.06": "6.08",
        "-127.00": "-127.00",
        "34.10": "34.10",
        "74.84": "74.84",
        "9:18:55": "9:20:46"
    },
    {
        "2025-06-29 14:49:05": "2025-06-29 14:50:55",
        "0.00": "0.00",
        "3.30": "3.30",
        "6.06": "6.03",
        "-127.00": "-127.00",
        "34.10": "34.10",
        "74.84": "74.84",
        "9:18:55": "9:20:51"
    },
    {
        "2025-06-29 14:49:05": "2025-06-29 14:51:00",
        "0.00": "0.00",
        "3.30": "3.30",
        "6.06": "5.99",
        "-127.00": "-127.00",
        "34.10": "34.10",
        "74.84": "74.84",
        "9:18:55": "9:20:56"
    },
    {
        "2025-06-29 14:49:05": "2025-06-29 14:51:05",
        "0.00": "0.00",
        "3.30": "3.30",
        "6.06": "6.01",
        "-127.00": "-127.00",
        "34.10": "34.10",
        "74.84": "74.84",
        "9:18:55": "9:21:1"
    },
    {
        "2025-06-29 14:49:05": "2025-06-29 14:51:10",
        "0.00": "0.00",
        "3.30": "3.30",
        "6.06": "6.28",
        "-127.00": "-127.00",
        "34.10": "34.10",
        "74.84": "74.84",
        "9:18:55": "9:21:6"
    },
    {
        "2025-06-29 14:49:05": "2025-06-29 14:51:15",
        "0.00": "0.00",
        "3.30": "3.30",
        "6.06": "6.01",
        "-127.00": "-127.00",
        "34.10": "34.10",
        "74.84": "74.84",
        "9:18:55": "9:21:11"
    },
    {
        "2025-06-29 14:49:05": "2025-06-29 14:51:20",
        "0.00": "0.00",
        "3.30": "3.30",
        "6.06": "6.05",
        "-127.00": "-127.00",
        "34.10": "34.10",
        "74.84": "74.84",
        "9:18:55": "9:21:16"
    },
    {
        "2025-06-29 14:49:05": "2025-06-29 14:51:25",
        "0.00": "0.00",
        "3.30": "3.30",
        "6.06": "6.09",
        "-127.00": "-127.00",
        "34.10": "34.10",
        "74.84": "74.84",
        "9:18:55": "9:21:21"
    },
    {
        "2025-06-29 14:49:05": "2025-06-29 14:51:30",
        "0.00": "0.00",
        "3.30": "3.30",
        "6.06": "6.35",
        "-127.00": "-127.00",
        "34.10": "34.10",
        "74.84": "74.84",
        "9:18:55": "9:21:26"
    },
    {
        "2025-06-29 14:49:05": "2025-06-29 14:51:35",
        "0.00": "0.00",
        "3.30": "3.30",
        "6.06": "6.36",
        "-127.00": "-127.00",
        "34.10": "34.10",
        "74.84": "74.84",
        "9:18:55": "9:21:31"
    },
    {
        "2025-06-29 14:49:05": "2025-06-29 14:51:40",
        "0.00": "0.00",
        "3.30": "3.30",
        "6.06": "6.37",
        "-127.00": "-127.00",
        "34.10": "34.10",
        "74.84": "74.84",
        "9:18:55": "9:21:36"
    },
    {
        "2025-06-29 14:49:05": "2025-06-29 14:51:45",
        "0.00": "0.00",
        "3.30": "3.30",
        "6.06": "5.96",
        "-127.00": "-127.00",
        "34.10": "34.10",
        "74.84": "74.84",
        "9:18:55": "9:21:41"
    },
    {
        "2025-06-29 14:49:05": "2025-06-29 14:51:50",
        "0.00": "0.00",
        "3.30": "3.30",
        "6.06": "6.09",
        "-127.00": "-127.00",
        "34.10": "34.10",
        "74.84": "74.84",
        "9:18:55": "9:21:46"
    },
    {
        "2025-06-29 14:49:05": "2025-06-29 14:51:55",
        "0.00": "0.00",
        "3.30": "3.30",
        "6.06": "6.11",
        "-127.00": "-127.00",
        "34.10": "34.10",
        "74.84": "74.84",
        "9:18:55": "9:21:51"
    },
    {
        "2025-06-29 14:49:05": "2025-06-29 14:52:00",
        "0.00": "0.00",
        "3.30": "3.30",
        "6.06": "6.39",
        "-127.00": "-127.00",
        "34.10": "34.10",
        "74.84": "74.84",
        "9:18:55": "9:21:56"
    },
    {
        "2025-06-29 14:49:05": "2025-06-29 14:52:05",
        "0.00": "0.00",
        "3.30": "3.30",
        "6.06": "6.38",
        "-127.00": "-127.00",
        "34.10": "34.10",
        "74.84": "74.84",
        "9:18:55": "9:22:1"
    },
    {
        "2025-06-29 14:49:05": "2025-06-29 14:52:10",
        "0.00": "0.00",
        "3.30": "3.30",
        "6.06": "6.11",
        "-127.00": "-127.00",
        "34.10": "34.10",
        "74.84": "74.84",
        "9:18:55": "9:22:6"
    },
    {
        "2025-06-29 14:49:05": "2025-06-29 14:52:15",
        "0.00": "0.00",
        "3.30": "3.30",
        "6.06": "6.33",
        "-127.00": "-127.00",
        "34.10": "34.10",
        "74.84": "74.84",
        "9:18:55": "9:22:11"
    },
    {
        "2025-06-29 14:49:05": "2025-06-29 14:52:20",
        "0.00": "0.00",
        "3.30": "3.30",
        "6.06": "5.93",
        "-127.00": "-127.00",
        "34.10": "34.10",
        "74.84": "74.84",
        "9:18:55": "9:22:16"
    },
    {
        "2025-06-29 14:49:05": "2025-06-29 14:52:25",
        "0.00": "0.00",
        "3.30": "3.30",
        "6.06": "6.03",
        "-127.00": "-127.00",
        "34.10": "34.10",
        "74.84": "74.84",
        "9:18:55": "9:22:21"
    },
    {
        "2025-06-29 14:49:05": "2025-06-29 14:52:30",
        "0.00": "0.00",
        "3.30": "3.30",
        "6.06": "6.03",
        "-127.00": "-127.00",
        "34.10": "34.10",
        "74.84": "74.84",
        "9:18:55": "9:22:26"
    },
    {
        "2025-06-29 14:49:05": "2025-06-29 14:52:35",
        "0.00": "0.00",
        "3.30": "3.30",
        "6.06": "5.95",
        "-127.00": "-127.00",
        "34.10": "34.10",
        "74.84": "74.84",
        "9:18:55": "9:22:31"
    },
    {
        "2025-06-29 14:49:05": "2025-06-29 14:52:40",
        "0.00": "0.00",
        "3.30": "3.30",
        "6.06": "5.95",
        "-127.00": "-127.00",
        "34.10": "34.10",
        "74.84": "74.84",
        "9:18:55": "9:22:36"
    },
    {
        "2025-06-29 14:49:05": "2025-06-29 14:52:45",
        "0.00": "0.00",
        "3.30": "3.30",
        "6.06": "5.96",
        "-127.00": "-127.00",
        "34.10": "34.10",
        "74.84": "74.84",
        "9:18:55": "9:22:41"
    },
    {
        "2025-06-29 14:49:05": "2025-06-29 14:52:50",
        "0.00": "0.00",
        "3.30": "3.30",
        "6.06": "6.24",
        "-127.00": "-127.00",
        "34.10": "34.10",
        "74.84": "74.84",
        "9:18:55": "9:22:46"
    },
    {
        "2025-06-29 14:49:05": "2025-06-29 14:52:55",
        "0.00": "0.00",
        "3.30": "3.30",
        "6.06": "6.00",
        "-127.00": "-127.00",
        "34.10": "34.10",
        "74.84": "74.84",
        "9:18:55": "9:22:51"
    },
    {
        "2025-06-29 14:49:05": "2025-06-29 14:53:00",
        "0.00": "0.00",
        "3.30": "3.30",
        "6.06": "6.40",
        "-127.00": "-127.00",
        "34.10": "34.10",
        "74.84": "74.84",
        "9:18:55": "9:22:56"
    },
    {
        "2025-06-29 14:49:05": "2025-06-29 14:53:05",
        "0.00": "0.00",
        "3.30": "3.30",
        "6.06": "6.42",
        "-127.00": "-127.00",
        "34.10": "34.10",
        "74.84": "74.84",
        "9:18:55": "9:23:1"
    },
    {
        "2025-06-29 14:49:05": "2025-06-29 14:53:10",
        "0.00": "0.00",
        "3.30": "3.30",
        "6.06": "6.06",
        "-127.00": "-127.00",
        "34.10": "34.10",
        "74.84": "74.84",
        "9:18:55": "9:23:6"
    },
    {
        "2025-06-29 14:49:05": "2025-06-29 14:53:15",
        "0.00": "0.00",
        "3.30": "3.30",
        "6.06": "6.18",
        "-127.00": "-127.00",
        "34.10": "34.10",
        "74.84": "74.84",
        "9:18:55": "9:23:11"
    },
    {
        "2025-06-29 14:49:05": "2025-06-29 14:53:20",
        "0.00": "0.00",
        "3.30": "3.30",
        "6.06": "6.15",
        "-127.00": "-127.00",
        "34.10": "34.10",
        "74.84": "74.84",
        "9:18:55": "9:23:16"
    },
    {
        "2025-06-29 14:49:05": "2025-06-29 14:53:25",
        "0.00": "0.00",
        "3.30": "3.30",
        "6.06": "6.37",
        "-127.00": "-127.00",
        "34.10": "34.10",
        "74.84": "74.84",
        "9:18:55": "9:23:21"
    },
    {
        "2025-06-29 14:49:05": "2025-06-29 14:53:30",
        "0.00": "0.00",
        "3.30": "3.30",
        "6.06": "6.45",
        "-127.00": "-127.00",
        "34.10": "34.10",
        "74.84": "74.84",
        "9:18:55": "9:23:26"
    },
    {
        "2025-06-29 14:49:05": "2025-06-29 14:53:35",
        "0.00": "0.00",
        "3.30": "3.30",
        "6.06": "6.49",
        "-127.00": "-127.00",
        "34.10": "34.10",
        "74.84": "74.84",
        "9:18:55": "9:23:31"
    },
    {
        "2025-06-29 14:49:05": "2025-06-29 14:53:40",
        "0.00": "0.00",
        "3.30": "3.30",
        "6.06": "6.38",
        "-127.00": "-127.00",
        "34.10": "34.10",
        "74.84": "74.84",
        "9:18:55": "9:23:36"
    },
    {
        "2025-06-29 14:49:05": "2025-06-29 14:53:45",
        "0.00": "0.00",
        "3.30": "3.30",
        "6.06": "6.01",
        "-127.00": "-127.00",
        "34.10": "34.10",
        "74.84": "74.84",
        "9:18:55": "9:23:41"
    },
    {
        "2025-06-29 14:49:05": "2025-06-29 14:53:50",
        "0.00": "0.00",
        "3.30": "3.30",
        "6.06": "6.52",
        "-127.00": "-127.00",
        "34.10": "34.10",
        "74.84": "74.84",
        "9:18:55": "9:23:46"
    },
    {
        "2025-06-29 14:49:05": "2025-06-29 14:53:55",
        "0.00": "0.00",
        "3.30": "3.30",
        "6.06": "6.16",
        "-127.00": "-127.00",
        "34.10": "34.10",
        "74.84": "74.84",
        "9:18:55": "9:23:51"
    },
    {
        "2025-06-29 14:49:05": "2025-06-29 14:54:00",
        "0.00": "0.00",
        "3.30": "3.30",
        "6.06": "6.04",
        "-127.00": "-127.00",
        "34.10": "34.10",
        "74.84": "74.84",
        "9:18:55": "9:23:56"
    },
    {
        "2025-06-29 14:49:05": "2025-06-29 14:54:05",
        "0.00": "0.00",
        "3.30": "2.94",
        "6.06": "6.06",
        "-127.00": "-127.00",
        "34.10": "34.10",
        "74.84": "74.84",
        "9:18:55": "9:24:1"
    },
    {
        "2025-06-29 14:49:05": "2025-06-29 14:54:10",
        "0.00": "0.00",
        "3.30": "3.30",
        "6.06": "5.93",
        "-127.00": "-127.00",
        "34.10": "34.10",
        "74.84": "74.84",
        "9:18:55": "9:24:6"
    },
    {
        "2025-06-29 14:49:05": "2025-06-29 14:54:15",
        "0.00": "0.00",
        "3.30": "3.30",
        "6.06": "6.45",
        "-127.00": "-127.00",
        "34.10": "34.10",
        "74.84": "74.84",
        "9:18:55": "9:24:11"
    },
    {
        "2025-06-29 14:49:05": "2025-06-29 14:54:20",
        "0.00": "1.21",
        "3.30": "3.30",
        "6.06": "6.40",
        "-127.00": "-127.00",
        "34.10": "34.10",
        "74.84": "74.84",
        "9:18:55": "9:24:16"
    },
    {
        "2025-06-29 14:49:05": "2025-06-29 14:54:25",
        "0.00": "0.00",
        "3.30": "3.30",
        "6.06": "6.03",
        "-127.00": "-127.00",
        "34.10": "34.10",
        "74.84": "74.84",
        "9:18:55": "9:24:21"
    },
    {
        "2025-06-29 14:49:05": "2025-06-29 14:54:30",
        "0.00": "0.00",
        "3.30": "3.30",
        "6.06": "5.98",
        "-127.00": "-127.00",
        "34.10": "34.10",
        "74.84": "74.84",
        "9:18:55": "9:24:26"
    },
    {
        "2025-06-29 14:49:05": "2025-06-29 14:54:35",
        "0.00": "0.00",
        "3.30": "3.30",
        "6.06": "6.33",
        "-127.00": "-127.00",
        "34.10": "34.10",
        "74.84": "74.84",
        "9:18:55": "9:24:31"
    },
    {
        "2025-06-29 14:49:05": "2025-06-29 14:54:40",
        "0.00": "0.00",
        "3.30": "3.30",
        "6.06": "6.06",
        "-127.00": "-127.00",
        "34.10": "34.10",
        "74.84": "74.84",
        "9:18:55": "9:24:36"
    },
    {
        "2025-06-29 14:49:05": "2025-06-29 14:54:45",
        "0.00": "0.00",
        "3.30": "3.30",
        "6.06": "6.43",
        "-127.00": "-127.00",
        "34.10": "34.10",
        "74.84": "74.84",
        "9:18:55": "9:24:41"
    },
    {
        "2025-06-29 14:49:05": "2025-06-29 14:54:50",
        "0.00": "0.00",
        "3.30": "3.30",
        "6.06": "6.52",
        "-127.00": "-127.00",
        "34.10": "34.10",
        "74.84": "74.84",
        "9:18:55": "9:24:46"
    },
    {
        "2025-06-29 14:49:05": "2025-06-29 14:54:55",
        "0.00": "0.00",
        "3.30": "3.30",
        "6.06": "6.46",
        "-127.00": "-127.00",
        "34.10": "34.10",
        "74.84": "74.84",
        "9:18:55": "9:24:51"
    },
    {
        "2025-06-29 14:49:05": "2025-06-29 14:55:00",
        "0.00": "0.00",
        "3.30": "3.30",
        "6.06": "6.38",
        "-127.00": "-127.00",
        "34.10": "34.10",
        "74.84": "74.84",
        "9:18:55": "9:24:56"
    },
    {
        "2025-06-29 14:49:05": "2025-06-29 14:55:05",
        "0.00": "0.00",
        "3.30": "3.30",
        "6.06": "6.10",
        "-127.00": "-127.00",
        "34.10": "34.10",
        "74.84": "74.84",
        "9:18:55": "9:25:1"
    },
    {
        "2025-06-29 14:49:05": "2025-06-29 14:55:10",
        "0.00": "0.00",
        "3.30": "3.30",
        "6.06": "6.05",
        "-127.00": "-127.00",
        "34.10": "34.10",
        "74.84": "74.84",
        "9:18:55": "9:25:6"
    },
    {
        "2025-06-29 14:49:05": "2025-06-29 14:55:15",
        "0.00": "0.00",
        "3.30": "3.30",
        "6.06": "6.41",
        "-127.00": "-127.00",
        "34.10": "34.10",
        "74.84": "74.84",
        "9:18:55": "9:25:11"
    },
    {
        "2025-06-29 14:49:05": "2025-06-29 14:55:20",
        "0.00": "0.00",
        "3.30": "3.30",
        "6.06": "6.45",
        "-127.00": "-127.00",
        "34.10": "34.10",
        "74.84": "74.84",
        "9:18:55": "9:25:16"
    },
    {
        "2025-06-29 14:49:05": "2025-06-29 14:55:25",
        "0.00": "0.00",
        "3.30": "3.30",
        "6.06": "6.08",
        "-127.00": "-127.00",
        "34.10": "34.10",
        "74.84": "74.84",
        "9:18:55": "9:25:21"
    },
    {
        "2025-06-29 14:49:05": "2025-06-29 14:55:30",
        "0.00": "0.00",
        "3.30": "3.30",
        "6.06": "6.03",
        "-127.00": "-127.00",
        "34.10": "34.10",
        "74.84": "74.84",
        "9:18:55": "9:25:26"
    },
    {
        "2025-06-29 14:49:05": "2025-06-29 14:55:35",
        "0.00": "0.00",
        "3.30": "3.30",
        "6.06": "6.43",
        "-127.00": "-127.00",
        "34.10": "34.10",
        "74.84": "74.84",
        "9:18:55": "9:25:31"
    },
    {
        "2025-06-29 14:49:05": "2025-06-29 14:55:40",
        "0.00": "0.00",
        "3.30": "3.30",
        "6.06": "6.09",
        "-127.00": "-127.00",
        "34.10": "34.10",
        "74.84": "74.84",
        "9:18:55": "9:25:36"
    },
    {
        "2025-06-29 14:49:05": "2025-06-29 14:55:45",
        "0.00": "0.00",
        "3.30": "3.30",
        "6.06": "6.07",
        "-127.00": "-127.00",
        "34.10": "34.10",
        "74.84": "74.84",
        "9:18:55": "9:25:41"
    },
    {
        "2025-06-29 14:49:05": "2025-06-29 14:55:51",
        "0.00": "0.00",
        "3.30": "3.30",
        "6.06": "6.52",
        "-127.00": "-127.00",
        "34.10": "34.10",
        "74.84": "74.84",
        "9:18:55": "9:25:46"
    },
    {
        "2025-06-29 14:49:05": "2025-06-29 14:55:56",
        "0.00": "0.00",
        "3.30": "3.30",
        "6.06": "6.02",
        "-127.00": "-127.00",
        "34.10": "34.10",
        "74.84": "74.84",
        "9:18:55": "9:25:51"
    },
    {
        "2025-06-29 14:49:05": "2025-06-29 14:56:01",
        "0.00": "0.00",
        "3.30": "3.30",
        "6.06": "6.04",
        "-127.00": "-127.00",
        "34.10": "34.10",
        "74.84": "74.84",
        "9:18:55": "9:25:56"
    },
    {
        "2025-06-29 14:49:05": "2025-06-29 14:56:06",
        "0.00": "0.00",
        "3.30": "3.30",
        "6.06": "6.02",
        "-127.00": "-127.00",
        "34.10": "34.10",
        "74.84": "74.84",
        "9:18:55": "9:26:1"
    },
    {
        "2025-06-29 14:49:05": "2025-06-29 14:56:11",
        "0.00": "0.00",
        "3.30": "2.28",
        "6.06": "6.00",
        "-127.00": "-127.00",
        "34.10": "34.10",
        "74.84": "74.84",
        "9:18:55": "9:26:6"
    },
    {
        "2025-06-29 14:49:05": "2025-06-29 14:56:16",
        "0.00": "0.00",
        "3.30": "3.30",
        "6.06": "6.43",
        "-127.00": "-127.00",
        "34.10": "34.10",
        "74.84": "74.84",
        "9:18:55": "9:26:11"
    },
    {
        "2025-06-29 14:49:05": "2025-06-29 14:56:21",
        "0.00": "0.00",
        "3.30": "3.30",
        "6.06": "6.33",
        "-127.00": "-127.00",
        "34.10": "34.10",
        "74.84": "74.84",
        "9:18:55": "9:26:16"
    },
    {
        "2025-06-29 14:49:05": "2025-06-29 14:56:26",
        "0.00": "0.00",
        "3.30": "3.30",
        "6.06": "6.27",
        "-127.00": "-127.00",
        "34.10": "34.10",
        "74.84": "74.84",
        "9:18:55": "9:26:21"
    },
    {
        "2025-06-29 14:49:05": "2025-06-29 14:56:31",
        "0.00": "0.00",
        "3.30": "3.30",
        "6.06": "6.49",
        "-127.00": "-127.00",
        "34.10": "34.10",
        "74.84": "74.84",
        "9:18:55": "9:26:26"
    },
    {
        "2025-06-29 14:49:05": "2025-06-29 14:56:36",
        "0.00": "0.00",
        "3.30": "3.30",
        "6.06": "6.37",
        "-127.00": "-127.00",
        "34.10": "34.10",
        "74.84": "74.84",
        "9:18:55": "9:26:31"
    },
    {
        "2025-06-29 14:49:05": "2025-06-29 14:56:41",
        "0.00": "0.00",
        "3.30": "3.30",
        "6.06": "6.35",
        "-127.00": "-127.00",
        "34.10": "34.10",
        "74.84": "74.84",
        "9:18:55": "9:26:36"
    },
    {
        "2025-06-29 14:49:05": "2025-06-29 14:56:46",
        "0.00": "0.00",
        "3.30": "3.30",
        "6.06": "6.55",
        "-127.00": "-127.00",
        "34.10": "34.10",
        "74.84": "74.84",
        "9:18:55": "9:26:41"
    },
    {
        "2025-06-29 14:49:05": "2025-06-29 14:56:51",
        "0.00": "0.00",
        "3.30": "3.30",
        "6.06": "6.44",
        "-127.00": "-127.00",
        "34.10": "34.10",
        "74.84": "74.84",
        "9:18:55": "9:26:46"
    },
    {
        "2025-06-29 14:49:05": "2025-06-29 14:56:56",
        "0.00": "0.00",
        "3.30": "3.30",
        "6.06": "6.43",
        "-127.00": "-127.00",
        "34.10": "34.10",
        "74.84": "74.84",
        "9:18:55": "9:26:51"
    },
    {
        "2025-06-29 14:49:05": "2025-06-29 14:57:01",
        "0.00": "0.00",
        "3.30": "3.30",
        "6.06": "5.99",
        "-127.00": "-127.00",
        "34.10": "34.10",
        "74.84": "74.84",
        "9:18:55": "9:27:1"
    },
    {
        "2025-06-29 14:49:05": "2025-06-29 14:57:06",
        "0.00": "0.00",
        "3.30": "3.30",
        "6.06": "6.08",
        "-127.00": "-127.00",
        "34.10": "34.10",
        "74.84": "74.84",
        "9:18:55": "9:27:6"
    },
    {
        "2025-06-29 14:49:05": "2025-06-29 14:57:11",
        "0.00": "0.00",
        "3.30": "3.30",
        "6.06": "6.04",
        "-127.00": "-127.00",
        "34.10": "34.10",
        "74.84": "74.84",
        "9:18:55": "9:27:6"
    },
    {
        "2025-06-29 14:49:05": "2025-06-29 14:57:16",
        "0.00": "0.00",
        "3.30": "3.30",
        "6.06": "6.18",
        "-127.00": "-127.00",
        "34.10": "34.10",
        "74.84": "74.84",
        "9:18:55": "9:27:11"
    },
    {
        "2025-06-29 14:49:05": "2025-06-29 14:57:21",
        "0.00": "0.00",
        "3.30": "3.30",
        "6.06": "5.99",
        "-127.00": "-127.00",
        "34.10": "34.10",
        "74.84": "74.84",
        "9:18:55": "9:27:16"
    },
    {
        "2025-06-29 14:49:05": "2025-06-29 14:57:26",
        "0.00": "0.00",
        "3.30": "3.30",
        "6.06": "6.50",
        "-127.00": "-127.00",
        "34.10": "34.10",
        "74.84": "74.84",
        "9:18:55": "9:27:21"
    },
    {
        "2025-06-29 14:49:05": "2025-06-29 14:57:31",
        "0.00": "0.00",
        "3.30": "3.30",
        "6.06": "6.02",
        "-127.00": "-127.00",
        "34.10": "34.10",
        "74.84": "74.84",
        "9:18:55": "9:27:21"
    },
    {
        "2025-06-29 14:49:05": "2025-06-29 14:57:36",
        "0.00": "0.00",
        "3.30": "3.30",
        "6.06": "6.43",
        "-127.00": "-127.00",
        "34.10": "34.10",
        "74.84": "74.84",
        "9:18:55": "9:27:21"
    },
    {
        "2025-06-29 14:49:05": "2025-06-29 14:57:41",
        "0.00": "0.00",
        "3.30": "3.30",
        "6.06": "6.50",
        "-127.00": "-127.00",
        "34.10": "34.10",
        "74.84": "74.84",
        "9:18:55": "9:27:21"
    },
    {
        "2025-06-29 14:49:05": "2025-06-29 14:57:46",
        "0.00": "0.00",
        "3.30": "3.30",
        "6.06": "6.43",
        "-127.00": "-127.00",
        "34.10": "34.10",
        "74.84": "74.84",
        "9:18:55": "9:27:41"
    },
    {
        "2025-06-29 14:49:05": "2025-06-29 14:57:51",
        "0.00": "0.00",
        "3.30": "3.30",
        "6.06": "6.39",
        "-127.00": "-127.00",
        "34.10": "34.10",
        "74.84": "74.84",
        "9:18:55": "9:27:46"
    },
    {
        "2025-06-29 14:49:05": "2025-06-29 14:57:56",
        "0.00": "0.00",
        "3.30": "3.30",
        "6.06": "6.37",
        "-127.00": "-127.00",
        "34.10": "34.10",
        "74.84": "74.84",
        "9:18:55": "9:27:51"
    },
    {
        "2025-06-29 14:49:05": "2025-06-29 14:58:01",
        "0.00": "0.00",
        "3.30": "3.30",
        "6.06": "6.41",
        "-127.00": "-127.00",
        "34.10": "34.10",
        "74.84": "74.84",
        "9:18:55": "9:27:56"
    },
    {
        "2025-06-29 14:49:05": "2025-06-29 14:58:06",
        "0.00": "0.00",
        "3.30": "3.30",
        "6.06": "6.36",
        "-127.00": "-127.00",
        "34.10": "34.10",
        "74.84": "74.84",
        "9:18:55": "9:27:56"
    },
    {
        "2025-06-29 14:49:05": "2025-06-29 14:58:11",
        "0.00": "0.00",
        "3.30": "3.30",
        "6.06": "6.38",
        "-127.00": "-127.00",
        "34.10": "34.10",
        "74.84": "74.84",
        "9:18:55": "9:27:56"
    },
    {
        "2025-06-29 14:49:05": "2025-06-29 14:58:16",
        "0.00": "0.00",
        "3.30": "3.30",
        "6.06": "6.37",
        "-127.00": "-127.00",
        "34.10": "34.10",
        "74.84": "74.84",
        "9:18:55": "9:27:56"
    },
    {
        "2025-06-29 14:49:05": "2025-06-29 14:58:21",
        "0.00": "0.00",
        "3.30": "3.30",
        "6.06": "6.42",
        "-127.00": "-127.00",
        "34.10": "34.10",
        "74.84": "74.84",
        "9:18:55": "9:27:56"
    },
    {
        "2025-06-29 14:49:05": "2025-06-29 14:58:26",
        "0.00": "0.00",
        "3.30": "3.30",
        "6.06": "6.33",
        "-127.00": "-127.00",
        "34.10": "34.10",
        "74.84": "74.84",
        "9:18:55": "9:27:56"
    },
    {
        "2025-06-29 14:49:05": "2025-06-29 14:58:31",
        "0.00": "0.00",
        "3.30": "3.30",
        "6.06": "6.36",
        "-127.00": "-127.00",
        "34.10": "34.10",
        "74.84": "74.84",
        "9:18:55": "9:27:56"
    },
    {
        "2025-06-29 14:49:05": "2025-06-29 14:58:36",
        "0.00": "0.00",
        "3.30": "3.30",
        "6.06": "6.35",
        "-127.00": "-127.00",
        "34.10": "34.10",
        "74.84": "74.84",
        "9:18:55": "9:27:56"
    },
    {
        "2025-06-29 14:49:05": "2025-06-29 14:58:41",
        "0.00": "0.00",
        "3.30": "3.30",
        "6.06": "6.37",
        "-127.00": "-127.00",
        "34.10": "34.10",
        "74.84": "74.84",
        "9:18:55": "9:27:56"
    },
    {
        "2025-06-29 14:49:05": "2025-06-29 14:58:46",
        "0.00": "0.00",
        "3.30": "3.30",
        "6.06": "6.36",
        "-127.00": "-127.00",
        "34.10": "34.10",
        "74.84": "74.84",
        "9:18:55": "9:27:56"
    },
    {
        "2025-06-29 14:49:05": "2025-06-29 14:58:51",
        "0.00": "0.00",
        "3.30": "3.30",
        "6.06": "6.35",
        "-127.00": "-127.00",
        "34.10": "34.10",
        "74.84": "74.84",
        "9:18:55": "9:27:56"
    },
    {
        "2025-06-29 14:49:05": "2025-06-29 14:58:56",
        "0.00": "0.00",
        "3.30": "3.30",
        "6.06": "6.39",
        "-127.00": "-127.00",
        "34.10": "34.10",
        "74.84": "74.84",
        "9:18:55": "9:27:56"
    },
    {
        "2025-06-29 14:49:05": "2025-06-29 14:59:01",
        "0.00": "0.00",
        "3.30": "3.30",
        "6.06": "6.38",
        "-127.00": "-127.00",
        "34.10": "34.10",
        "74.84": "74.84",
        "9:18:55": "9:27:56"
    },
    {
        "2025-06-29 14:49:05": "2025-06-29 14:59:06",
        "0.00": "0.00",
        "3.30": "3.30",
        "6.06": "6.36",
        "-127.00": "-127.00",
        "34.10": "34.10",
        "74.84": "74.84",
        "9:18:55": "9:27:56"
    },
    {
        "2025-06-29 14:49:05": "2025-06-29 14:59:11",
        "0.00": "0.00",
        "3.30": "3.30",
        "6.06": "6.34",
        "-127.00": "-127.00",
        "34.10": "34.10",
        "74.84": "74.84",
        "9:18:55": "9:29:7"
    },
    {
        "2025-06-29 14:49:05": "2025-06-29 14:59:16",
        "0.00": "0.00",
        "3.30": "3.30",
        "6.06": "6.39",
        "-127.00": "-127.00",
        "34.10": "34.10",
        "74.84": "74.84",
        "9:18:55": "9:29:12"
    },
    {
        "2025-06-29 14:49:05": "2025-06-29 14:59:21",
        "0.00": "0.00",
        "3.30": "3.30",
        "6.06": "6.36",
        "-127.00": "-127.00",
        "34.10": "34.10",
        "74.84": "74.84",
        "9:18:55": "9:29:17"
    },
    {
        "2025-06-29 14:49:05": "2025-06-29 14:59:26",
        "0.00": "0.00",
        "3.30": "3.30",
        "6.06": "6.37",
        "-127.00": "-127.00",
        "34.10": "34.10",
        "74.84": "74.84",
        "9:18:55": "9:29:22"
    },
    {
        "2025-06-29 14:49:05": "2025-06-29 14:59:31",
        "0.00": "0.00",
        "3.30": "3.30",
        "6.06": "6.33",
        "-127.00": "-127.00",
        "34.10": "34.10",
        "74.84": "74.84",
        "9:18:55": "9:29:27"
    },
    {
        "2025-06-29 14:49:05": "2025-06-29 14:59:36",
        "0.00": "0.00",
        "3.30": "3.30",
        "6.06": "6.38",
        "-127.00": "-127.00",
        "34.10": "34.10",
        "74.84": "74.84",
        "9:18:55": "9:29:32"
    },
    {
        "2025-06-29 14:49:05": "2025-06-29 14:59:41",
        "0.00": "0.00",
        "3.30": "3.30",
        "6.06": "6.33",
        "-127.00": "-127.00",
        "34.10": "34.10",
        "74.84": "74.84",
        "9:18:55": "9:29:37"
    },
    {
        "2025-06-29 14:49:05": "2025-06-29 14:59:46",
        "0.00": "0.00",
        "3.30": "3.30",
        "6.06": "6.36",
        "-127.00": "-127.00",
        "34.10": "34.10",
        "74.84": "74.84",
        "9:18:55": "9:29:42"
    },
    {
        "2025-06-29 14:49:05": "2025-06-29 14:59:51",
        "0.00": "0.00",
        "3.30": "3.30",
        "6.06": "6.33",
        "-127.00": "-127.00",
        "34.10": "34.10",
        "74.84": "74.84",
        "9:18:55": "9:29:47"
    },
    {
        "2025-06-29 14:49:05": "2025-06-29 14:59:56",
        "0.00": "0.00",
        "3.30": "3.30",
        "6.06": "6.35",
        "-127.00": "-127.00",
        "34.10": "34.10",
        "74.84": "74.84",
        "9:18:55": "9:29:52"
    },
    {
        "2025-06-29 14:49:05": "2025-06-29 15:00:01",
        "0.00": "0.00",
        "3.30": "3.30",
        "6.06": "6.46",
        "-127.00": "-127.00",
        "34.10": "34.10",
        "74.84": "74.84",
        "9:18:55": "9:29:57"
    },
    {
        "2025-06-29 14:49:05": "2025-06-29 15:00:06",
        "0.00": "0.00",
        "3.30": "3.30",
        "6.06": "6.42",
        "-127.00": "-127.00",
        "34.10": "34.10",
        "74.84": "74.84",
        "9:18:55": "9:30:2"
    }
]